,City,Country,Lat,Lng,Max Temp,Humidity,Cloudiness,Wind Speed,Current Description
0,Namibe,AO,-15.1961,12.1522,63.01,77,0,4.25,clear sky
1,Jamestown,US,42.097,-79.2353,74.79,94,100,9.22,overcast clouds
2,Lasa,IT,46.6166,10.7002,68.68,76,41,1.34,scattered clouds
3,Ilulissat,GL,69.2167,-51.1,50.02,71,100,3.44,light rain
4,Port Elizabeth,ZA,-33.918,25.5701,52.09,92,0,9.22,clear sky
5,Carnarvon,AU,-24.8667,113.6333,68.49,85,100,19.95,overcast clouds
6,Suez,EG,29.9737,32.5263,79.79,57,0,10.02,clear sky
7,Khatanga,RU,71.9667,102.5,59.07,43,100,19.8,overcast clouds
8,Ponta Do Sol,PT,32.6667,-17.1,72.01,68,9,5.61,clear sky
9,Nisia Floresta,BR,-6.0911,-35.2086,75.58,95,93,6.02,light rain
10,Albany,US,42.6001,-73.9662,79.21,76,21,4.56,few clouds
11,San Juan De Uraba,CO,8.7592,-76.5297,76.14,91,98,7.27,overcast clouds
12,Torbay,CA,47.6666,-52.7314,62.58,89,100,21.85,overcast clouds
13,Tautira,PF,-17.7333,-149.15,75.42,77,7,10.63,light rain
14,Ushuaia,AR,-54.8,-68.3,29.86,80,75,14.97,light snow
15,Cape Town,ZA,-33.9258,18.4232,54.37,57,0,6.91,clear sky
16,Castro,BR,-24.7911,-50.0119,53.1,95,20,4.14,few clouds
17,Busselton,AU,-33.65,115.3333,59.97,68,45,17.58,scattered clouds
18,Le Havre,FR,49.4938,0.1077,65.95,88,100,10.36,overcast clouds
19,Ende,ID,-8.8432,121.6623,81.41,69,82,4.97,broken clouds
20,Bredasdorp,ZA,-34.5322,20.0403,43.2,83,1,5.95,clear sky
21,Katsuura,JP,35.1333,140.3,80.47,81,79,8.93,broken clouds
22,Rikitea,PF,-23.1203,-134.9692,73.62,74,1,5.03,light rain
23,Vao,NC,-22.6667,167.4833,74.59,86,100,11.97,overcast clouds
24,Tuktoyaktuk,CA,69.4541,-133.0374,48.2,93,100,0.0,overcast clouds
25,Rio Gallegos,AR,-51.6226,-69.2181,30.25,80,0,18.41,clear sky
26,Saskylakh,RU,71.9167,114.0833,62.35,43,22,17.47,few clouds
27,Vostok,RU,46.4856,135.8833,69.22,90,89,2.86,overcast clouds
28,The Valley,AI,18.217,-63.0578,81.1,81,22,21.16,few clouds
29,Horqueta,PY,-23.3428,-57.0597,66.09,45,47,5.7,scattered clouds
30,Coihaique,CL,-45.5752,-72.0662,31.95,86,100,8.05,light snow
31,Victoria,HK,22.2855,114.1577,93.38,69,7,5.01,clear sky
32,Liverpool,GB,53.4106,-2.9779,60.3,78,75,12.66,broken clouds
33,Iquique,CL,-20.2208,-70.1431,59.04,73,65,2.84,broken clouds
34,Chernyshevskiy,RU,63.0128,112.4714,61.21,78,100,5.61,overcast clouds
35,Cayenne,GF,4.9333,-52.3333,78.1,1,0,0.0,clear sky
36,Iqaluit,CA,63.7506,-68.5145,53.33,87,100,11.5,light rain
37,Nanortalik,GL,60.1432,-45.2371,48.85,87,15,13.96,few clouds
38,Nkhotakota,MW,-12.9274,34.2961,71.98,56,7,1.3,clear sky
39,Punta Arenas,CL,-53.15,-70.9167,30.31,86,40,16.11,light shower snow
40,Leningradskiy,RU,69.3833,178.4167,33.06,98,100,19.15,light snow
41,Port Alfred,ZA,-33.5906,26.891,59.85,82,67,14.07,broken clouds
42,Mataura,NZ,-46.1927,168.8643,45.48,93,100,2.68,overcast clouds
43,Longyearbyen,SJ,78.2186,15.6401,51.64,82,75,10.36,broken clouds
44,Avarua,CK,-21.2078,-159.775,71.65,68,75,13.8,broken clouds
45,Sioux Lookout,CA,50.1001,-91.917,66.27,88,40,5.75,scattered clouds
46,Kaitangata,NZ,-46.2817,169.8464,43.03,84,94,8.43,overcast clouds
47,Meridian,US,43.6121,-116.3915,83.25,37,0,3.44,clear sky
48,Lorengau,PG,-2.0226,147.2712,83.79,68,92,4.09,overcast clouds
49,Butaritari,KI,3.0707,172.7902,80.13,74,100,3.78,light rain
50,Egvekinot,RU,66.3167,-179.1667,43.36,55,98,10.0,overcast clouds
51,Dolores,AR,-36.3132,-57.6792,49.57,91,6,7.74,clear sky
52,Yellowknife,CA,62.456,-114.3525,63.12,51,40,6.91,scattered clouds
53,Aklavik,CA,68.2191,-135.0107,56.64,61,100,7.67,overcast clouds
54,Shimoda,JP,34.6667,138.95,82.76,79,81,6.78,broken clouds
55,Coolum Beach,AU,-26.5333,153.1,65.1,81,100,18.88,light rain
56,Bonfim,BR,3.0833,-59.95,72.63,94,54,1.74,broken clouds
57,Puerto Ayora,EC,-0.7393,-90.3518,69.55,91,84,5.99,broken clouds
58,Vaini,TO,-21.2,-175.2,75.36,88,20,6.91,few clouds
59,Sorland,NO,67.667,12.6934,51.66,87,100,11.79,overcast clouds
60,Bluff,NZ,-46.6,168.3333,45.81,70,100,10.31,overcast clouds
61,Hilo,US,19.7297,-155.09,78.53,84,40,8.05,scattered clouds
62,Sobolevo,RU,54.4299,31.8996,61.45,78,66,15.7,broken clouds
63,Cape Canaveral,US,28.4058,-80.6048,81.99,83,2,7.72,clear sky
64,Provideniya,RU,64.3833,-173.3,42.91,75,75,20.13,broken clouds
65,Cidreira,BR,-30.1811,-50.2056,60.33,96,5,10.38,clear sky
66,Kiunga,PG,-6.1219,141.2906,78.98,86,95,1.28,overcast clouds
67,Ribeira Grande,PT,38.5167,-28.7,72.37,86,4,3.67,clear sky
68,Husavik,IS,66.0449,-17.3389,47.84,85,100,3.24,overcast clouds
69,Souillac,MU,-20.5167,57.5167,66.58,94,75,14.97,light intensity shower rain
70,Maragogi,BR,-9.0122,-35.2225,73.47,90,100,9.66,overcast clouds
71,Andros Town,BS,24.7,-77.7667,82.36,74,12,13.29,few clouds
72,Camaiore,IT,43.9097,10.2419,83.23,51,2,2.46,clear sky
73,Hobart,AU,-42.8794,147.3294,51.66,64,20,6.91,few clouds
74,Karatau,KZ,43.1667,70.4667,97.93,9,0,14.97,clear sky
75,Port-Cartier,CA,50.0334,-66.8654,64.08,74,14,5.82,few clouds
76,Bambous Virieux,MU,-20.3428,57.7575,74.21,94,75,14.97,light intensity shower rain
77,Barcelona,ES,41.3888,2.159,80.33,77,0,6.91,clear sky
78,New Norfolk,AU,-42.7826,147.0587,51.3,76,0,1.74,clear sky
79,Tura,IN,25.5198,90.2201,82.98,82,100,2.89,overcast clouds
80,Upington,ZA,-28.4478,21.2561,39.58,81,0,4.61,clear sky
81,Chokurdakh,RU,70.6333,147.9167,58.51,26,17,10.38,few clouds
82,Piacabucu,BR,-10.4056,-36.4344,72.59,82,100,8.97,overcast clouds
83,Thompson,CA,55.7435,-97.8558,57.36,94,40,6.91,scattered clouds
84,Goba,ET,7.0167,39.9833,53.02,89,97,0.29,overcast clouds
85,Lebu,CL,-37.6167,-73.65,49.48,92,81,5.48,broken clouds
86,Bitung,ID,1.4451,125.1824,81.45,74,40,9.48,scattered clouds
87,Arraial Do Cabo,BR,-22.9661,-42.0278,70.02,81,40,8.99,scattered clouds
88,Hammerfest,NO,70.6634,23.6821,66.65,63,0,3.44,clear sky
89,Grindavik,IS,63.8424,-22.4338,49.95,100,75,2.3,moderate rain
90,Konibodom,TJ,40.2843,70.4426,98.89,13,0,4.18,clear sky
91,Mount Gambier,AU,-37.8333,140.7667,58.57,58,2,8.41,clear sky
92,Vila,PT,42.0304,-8.1588,54.48,57,2,3.78,clear sky
93,Thinadhoo,MV,0.5333,72.9333,80.08,74,100,1.79,overcast clouds
94,Gat,IL,31.61,34.7642,80.78,100,0,6.8,clear sky
95,Pandan,PH,14.0453,124.1694,88.09,66,91,8.05,heavy intensity rain
96,Port Blair,IN,11.6667,92.75,84.24,84,100,11.5,moderate rain
97,Lenine,UA,45.2986,35.7771,71.26,71,65,11.48,light rain
98,Xam Nua,LA,20.4197,104.0439,77.5,83,100,4.16,heavy intensity rain
99,Samarai,PG,-10.6167,150.6667,82.96,73,13,12.28,few clouds
100,Catia La Mar,VE,10.6038,-67.0303,75.4,88,75,0.0,drizzle
101,Vila Franca Do Campo,PT,37.7167,-25.4333,74.19,88,52,0.67,broken clouds
102,Qaanaaq,GL,77.484,-69.3632,41.49,77,96,7.52,overcast clouds
103,Nchelenge,ZM,-9.3451,28.734,69.49,52,41,6.64,scattered clouds
104,Kruisfontein,ZA,-34.0033,24.7314,47.88,92,4,7.23,clear sky
105,Beringovskiy,RU,63.05,179.3167,46.35,75,99,10.87,overcast clouds
106,Saint-Philippe,RE,-21.3585,55.7679,72.21,78,50,16.84,light rain
107,East London,ZA,-33.0153,27.9116,58.14,94,20,9.22,few clouds
108,Grootfontein,NA,-19.5667,18.1167,50.88,41,3,3.74,clear sky
109,Kapaa,US,22.0752,-159.319,80.19,79,20,16.11,few clouds
110,Puerto Santander,CO,8.3636,-72.4063,83.61,95,80,2.28,broken clouds
111,Douentza,ML,14.9951,-2.9517,79.77,73,79,9.73,broken clouds
112,Cascais,PT,38.6979,-9.4215,67.46,75,4,20.0,clear sky
113,Shache,CN,38.4167,77.2406,93.88,11,0,3.74,clear sky
114,Aguimes,ES,27.9054,-15.4461,77.63,41,0,24.0,clear sky
115,Canchungo,GW,12.0672,-16.0333,75.33,94,100,2.93,overcast clouds
116,Sitka,US,57.0531,-135.33,55.29,88,100,5.75,light rain
117,Pangnirtung,CA,66.1451,-65.7125,44.98,94,100,1.25,light rain
118,Airai,TL,-8.9266,125.4092,68.52,64,75,3.85,broken clouds
119,Along,IN,28.1667,94.7667,79.03,97,100,0.87,overcast clouds
120,Juneau,US,58.3019,-134.4197,53.22,96,100,12.66,mist
121,Severo-Kurilsk,RU,50.6789,156.125,51.94,97,99,16.17,light rain
122,Kinkala,CG,-4.3614,14.7644,65.88,91,36,3.09,scattered clouds
123,Hermanus,ZA,-34.4187,19.2345,49.44,71,0,6.17,clear sky
124,Pittsburg,US,38.028,-121.8847,67.05,60,0,10.36,clear sky
125,Georgetown,MY,5.4112,100.3354,91.33,66,20,5.01,few clouds
126,San Patricio,US,28.017,-97.5169,84.29,74,5,14.16,clear sky
127,Kavaratti,IN,10.5669,72.642,81.07,80,96,21.16,overcast clouds
128,Zhigansk,RU,66.7697,123.3711,56.59,88,100,2.57,overcast clouds
129,Atuona,PF,-9.8,-139.0333,77.58,74,24,16.2,few clouds
130,Haines Junction,CA,60.7522,-137.5108,44.49,83,67,4.99,broken clouds
131,Bumba,CD,2.1833,22.4667,73.04,94,89,1.39,overcast clouds
132,Ozark,US,37.0209,-93.206,81.01,63,1,6.24,clear sky
133,Nizwa,OM,22.9333,57.5333,88.88,62,41,3.85,scattered clouds
134,Faya,SA,18.3851,42.4509,70.32,39,95,2.39,overcast clouds
135,Omboue,GA,-1.5746,9.2618,71.6,89,95,6.91,overcast clouds
136,Port Hardy,CA,50.6996,-127.4199,53.78,87,20,4.61,fog
137,Mangaratiba,BR,-22.9597,-44.0406,65.26,89,12,3.09,few clouds
138,Ahuimanu,US,21.4447,-157.8378,82.11,71,20,14.97,few clouds
139,Gubkinskiy,RU,64.434,76.5026,57.7,54,68,10.76,broken clouds
140,Mercedes,AR,-34.6515,-59.4307,52.66,89,0,6.06,clear sky
141,Kodiak,US,57.79,-152.4072,56.71,67,40,10.36,scattered clouds
142,Kochubey,RU,44.3861,46.5825,76.73,63,95,1.3,overcast clouds
143,Mugur-Aksy,RU,50.35,90.5,59.47,42,77,9.66,broken clouds
144,Kalabo,ZM,-14.97,22.6814,59.27,68,22,5.61,few clouds
145,Komsomolskiy,UZ,40.4272,71.7189,93.92,21,0,4.61,clear sky
146,Clyde River,CA,70.4692,-68.5914,35.83,100,100,16.11,light rain
147,Chapais,CA,49.7834,-74.8492,65.98,96,100,9.13,light rain
148,Sebinkarahisar,TR,40.2883,38.4236,57.96,77,95,2.93,overcast clouds
149,Dingle,PH,10.9995,122.6711,87.58,70,100,6.64,moderate rain
150,Shebunino,RU,46.4339,141.8603,65.55,77,41,12.97,scattered clouds
151,Vanavara,RU,60.34,102.2797,68.04,55,70,5.1,broken clouds
152,Asau,RO,46.4333,26.4,70.72,63,0,5.21,clear sky
153,Bethel,US,41.3712,-73.414,79.16,83,4,3.8,clear sky
154,Marzuq,YE,14.4,46.4667,81.61,45,66,7.54,broken clouds
155,Springfield,US,37.2153,-93.2982,76.66,65,1,6.62,clear sky
156,Sulangan,PH,11.1373,123.7228,85.62,67,100,5.7,overcast clouds
157,Hithadhoo,MV,-0.6,73.0833,80.83,69,100,3.31,overcast clouds
158,Saint Anthony,US,45.0205,-93.218,76.93,70,0,5.75,clear sky
159,Tres Picos,MX,15.8667,-93.5333,78.01,85,91,4.41,overcast clouds
160,Nikolskoye,RU,59.7035,30.7861,70.88,67,7,8.79,clear sky
161,Vangaindrano,MG,-23.35,47.6,68.67,83,82,7.85,light rain
162,Luderitz,NA,-26.6481,15.1594,56.61,57,0,10.38,clear sky
163,Havre-Saint-Pierre,CA,50.2334,-63.5986,59.36,82,0,2.3,clear sky
164,Abu Samrah,SY,35.3029,37.1841,83.66,42,0,19.73,clear sky
165,Tongzi,CN,28.7829,105.0877,92.48,53,59,2.71,broken clouds
166,Salta,AR,-24.7859,-65.4117,48.79,76,0,3.44,clear sky
167,Bria,CF,6.5423,21.9863,70.65,95,84,1.7,broken clouds
168,Moose Factory,CA,51.2585,-80.6094,62.58,94,100,5.75,overcast clouds
169,Maniitsoq,GL,65.4167,-52.9,46.18,96,100,12.5,light rain
170,Tiksi,RU,71.6872,128.8694,43.34,77,27,20.13,scattered clouds
171,Havoysund,NO,70.9963,24.6622,61.03,72,20,3.58,few clouds
172,Bowen,AU,-20.0167,148.2333,70.57,76,66,10.02,broken clouds
173,Galbshtadt,RU,53.2264,78.9845,79.52,47,0,15.26,clear sky
174,El Rosario,MX,24.2556,-107.1828,82.56,74,52,3.13,broken clouds
175,Upernavik,GL,72.7868,-56.1549,49.19,65,100,5.86,overcast clouds
176,Vardo,NO,70.3705,31.1107,60.78,82,0,10.36,clear sky
177,Mount Darwin,ZW,-16.7725,31.5838,61.81,73,6,8.79,light rain
178,Slonim,BY,53.0867,25.3219,62.71,69,7,8.5,clear sky
179,Dikson,RU,73.5069,80.5464,39.22,93,100,31.25,light rain
180,Vaitape,PF,-16.5167,-151.75,77.4,73,5,12.62,light rain
181,Marigot,MF,18.0667,-63.0833,81.05,83,20,10.36,few clouds
182,Talnakh,RU,69.4865,88.3972,56.19,73,99,14.07,overcast clouds
183,Alofi,NU,-19.0595,-169.9187,75.09,73,1,9.22,clear sky
184,Dudestii Vechi,RO,46.05,20.4833,82.6,24,25,5.88,scattered clouds
185,Pringsewu,ID,-5.3582,104.9744,88.72,59,51,2.71,broken clouds
186,Geraldton,AU,-28.7667,114.6,66.61,77,100,13.8,overcast clouds
187,Marawi,PH,7.9986,124.2928,78.44,82,98,4.59,overcast clouds
188,Fallon,US,39.4735,-118.7774,84.92,14,20,10.36,few clouds
189,Saint George,US,37.1041,-113.5841,97.39,21,0,8.05,clear sky
190,Isangel,VU,-19.55,169.2667,77.22,78,80,9.48,broken clouds
191,Opuwo,NA,-18.0607,13.84,54.52,37,0,4.88,clear sky
192,Gimli,CA,50.6336,-96.9907,62.69,74,0,12.1,clear sky
193,Polessk,RU,54.862,21.1028,73.96,63,8,5.61,clear sky
194,Laguna,US,38.421,-121.4238,80.4,49,0,8.05,clear sky
195,Deputatskiy,RU,69.3,139.9,53.96,52,57,18.61,broken clouds
196,Ancud,CL,-41.8697,-73.8203,40.23,64,70,13.2,broken clouds
197,Giyani,ZA,-23.3025,30.7187,61.27,74,49,3.2,light rain
198,Uglegorsk,RU,49.0833,142.0333,61.38,85,79,6.71,broken clouds
199,North Platte,US,41.1239,-100.7654,79.12,52,24,8.99,few clouds
200,Behshahr,IR,36.6923,53.5526,84.15,55,60,8.14,broken clouds
201,Youkounkoun,GN,12.5333,-13.1333,72.95,97,100,3.31,light rain
202,Barrow,US,71.2906,-156.7887,37.09,91,100,15.93,overcast clouds
203,Koungheul,SN,13.9833,-14.8,78.08,88,95,5.59,light rain
204,Baker City,US,44.7749,-117.8344,71.64,46,0,5.1,clear sky
205,Oranjestad,AW,12.524,-70.027,80.33,87,11,25.52,few clouds
206,Sisimiut,GL,66.9395,-53.6735,49.17,94,100,7.23,light rain
207,Teknaf,BD,20.8624,92.3058,86.56,72,100,8.86,overcast clouds
208,Lerwick,GB,60.1545,-1.1494,53.6,80,94,13.8,overcast clouds
209,Kloulklubed,PW,7.0419,134.2556,84.7,71,50,3.78,scattered clouds
210,San Cristobal,VE,7.7669,-72.225,73.58,96,84,3.85,broken clouds
211,Lithakia,GR,37.7167,20.8333,76.37,50,0,6.15,clear sky
212,Kahului,US,20.8947,-156.47,73.98,86,88,12.64,overcast clouds
213,Tuatapere,NZ,-46.1333,167.6833,45.18,83,100,5.46,overcast clouds
214,Santa Maria,BR,-29.6842,-53.8069,63.32,91,32,4.54,scattered clouds
215,Waipawa,NZ,-41.4122,175.5153,43.52,93,100,26.8,light rain
216,Mar Del Plata,AR,-38.0023,-57.5575,57.94,63,0,14.97,clear sky
217,Oistins,BB,13.0667,-59.5333,80.69,89,20,18.41,few clouds
218,Preobrazheniye,RU,42.9019,133.9064,70.47,81,86,4.76,overcast clouds
219,Codrington,AU,-38.2667,141.9667,57.72,65,3,10.85,clear sky
220,Sur,OM,22.5667,59.5289,90.34,62,75,6.62,broken clouds
221,Tonj,SS,7.2737,28.6822,74.43,86,100,0.96,overcast clouds
222,Dunedin,NZ,-45.8742,170.5036,45.81,65,88,15.01,overcast clouds
223,Bukama,CD,-9.2,25.85,75.54,45,71,1.34,broken clouds
224,Ostrovnoy,RU,68.0531,39.5131,54.68,77,20,4.47,few clouds
225,Fort Nelson,CA,58.8053,-122.7002,63.99,63,75,3.44,broken clouds
226,Vestmannaeyjar,IS,63.4427,-20.2734,50.88,82,97,12.24,overcast clouds
227,High Level,CA,58.5169,-117.136,62.71,72,0,3.44,clear sky
228,Boyolangu,ID,-8.1181,111.8935,79.75,75,81,11.05,broken clouds
229,Fortuna,US,40.5982,-124.1573,55.92,90,22,4.36,few clouds
230,Beeskow,DE,52.1667,14.25,79.09,52,80,9.71,broken clouds
231,Norman Wells,CA,65.282,-126.8329,66.24,68,75,0.0,broken clouds
232,Belaya Gora,RU,68.5333,146.4167,61.66,43,38,7.38,scattered clouds
233,Tasiilaq,GL,65.6145,-37.6368,35.85,81,94,5.84,overcast clouds
234,Okha,RU,53.5739,142.9478,56.86,90,100,13.04,overcast clouds
235,Bathsheba,BB,13.2167,-59.5167,81.21,94,20,18.41,few clouds
236,Stettler,CA,52.3168,-112.7186,55.15,100,1,5.75,clear sky
237,Komadi,HU,47.0,21.5,76.95,38,2,9.31,clear sky
238,The Pas,CA,53.8251,-101.2541,62.62,77,75,9.22,broken clouds
239,Cuiluan,CN,47.72,128.648,84.9,41,26,8.32,scattered clouds
240,Ilovlya,RU,49.3033,43.9796,71.44,53,100,12.21,light rain
241,Herat,AF,34.5,62.0,92.32,11,0,16.44,clear sky
242,Esperance,AU,-33.8667,121.9,56.19,81,100,27.94,overcast clouds
243,Novaya Lyalya,RU,59.055,60.599,60.55,94,100,8.55,light rain
244,Biak,ID,-0.9131,122.8766,81.45,77,24,4.94,few clouds
245,Sabha,LY,27.0377,14.4283,79.39,31,0,8.34,clear sky
246,Chaoyang,CN,41.5703,120.4586,75.2,78,94,3.53,light rain
247,Padilla,CO,3.2204,-76.3139,67.57,83,99,3.27,overcast clouds
248,Riyadh,SA,24.6877,46.7219,98.74,7,43,12.71,scattered clouds
249,Muana,BR,-1.5283,-49.2167,74.5,90,62,3.2,broken clouds
250,Solnechnyy,RU,50.7214,136.6319,65.26,83,100,7.54,overcast clouds
251,Xingcheng,CN,40.6167,120.7167,78.06,75,46,2.19,scattered clouds
252,Grand-Lahou,CI,5.1367,-5.0242,73.29,76,47,7.43,scattered clouds
253,Kampot,KH,10.6167,104.1833,77.05,95,100,9.48,overcast clouds
254,Elbistan,TR,38.2059,37.1983,68.97,50,0,5.57,clear sky
255,Fairbanks,US,64.8378,-147.7164,65.23,64,91,1.99,light rain
256,Buala,SB,-8.145,159.5921,83.43,72,85,7.72,light rain
257,Mastic Beach,US,40.7668,-72.8521,79.05,89,0,14.0,clear sky
258,Ulladulla,AU,-35.35,150.4667,58.1,78,100,9.78,overcast clouds
259,Launceston,AU,-41.45,147.1667,54.61,61,100,2.3,overcast clouds
260,Kidal,ML,18.4411,1.4078,82.47,54,95,3.8,overcast clouds
261,Chara,RU,56.9064,118.2631,75.67,54,83,1.25,light rain
262,Sao Filipe,CV,14.8961,-24.4956,75.85,86,36,4.45,scattered clouds
263,Najran,SA,17.4924,44.1277,84.85,25,93,6.69,overcast clouds
264,Zyryanka,RU,65.75,150.85,62.06,42,58,10.09,broken clouds
265,Passos,BR,-20.7189,-46.6097,58.66,79,1,4.54,clear sky
266,Atar,MR,20.5169,-13.0499,79.38,63,34,5.93,scattered clouds
267,Lambarene,GA,-0.7001,10.2406,71.46,89,100,3.4,overcast clouds
268,Pacific Grove,US,36.6177,-121.9166,58.8,95,45,11.99,scattered clouds
269,Horstel,DE,52.3167,7.5833,65.1,88,100,9.26,overcast clouds
270,Port Lincoln,AU,-34.7333,135.8667,55.67,66,42,15.1,scattered clouds
271,Miyako,JP,39.6367,141.9525,76.8,83,93,3.27,overcast clouds
272,Sterling,US,39.0062,-77.4286,82.15,83,0,4.61,clear sky
273,Anori,BR,-3.7728,-61.6442,76.1,82,96,2.59,overcast clouds
274,Roebourne,AU,-20.7833,117.1333,81.5,27,12,6.35,few clouds
275,Narsaq,GL,60.9167,-46.05,46.45,95,67,2.01,broken clouds
276,Funtua,NG,11.5233,7.3081,69.78,84,100,1.88,overcast clouds
277,Tessalit,ML,20.1986,1.0114,81.46,54,45,4.76,scattered clouds
278,Uarini,BR,-2.99,-65.1083,72.23,98,100,1.92,overcast clouds
279,Chuy,UY,-33.6971,-53.4616,58.17,99,83,7.67,broken clouds
280,Mahemdavad,IN,22.8333,72.7667,86.25,60,52,11.61,broken clouds
281,Valparaiso,CL,-33.0393,-71.6273,50.47,88,0,4.61,clear sky
282,Ulaangom,MN,49.9811,92.0667,76.24,25,22,11.9,few clouds
283,Mehamn,NO,71.0357,27.8492,60.75,77,0,8.05,clear sky
284,Lahaina,US,20.8783,-156.6825,73.96,72,91,12.75,overcast clouds
285,Okato,NZ,-39.2,173.8833,51.51,71,83,14.0,broken clouds
286,Amga,RU,60.8953,131.9608,82.74,38,96,10.71,overcast clouds
287,Jaguarari,BR,-10.2639,-40.1958,59.23,97,51,8.25,broken clouds
288,Road Town,VG,18.4167,-64.6167,82.17,80,16,21.83,few clouds
289,Andenes,NO,69.3143,16.1194,57.92,88,75,11.5,broken clouds
290,Rovinj,HR,45.08,13.64,81.09,50,4,3.13,clear sky
291,Rio Cuarto,AR,-33.1307,-64.3499,51.44,55,0,6.33,clear sky
292,Ust-Nera,RU,64.5667,143.2,70.66,57,100,8.39,overcast clouds
293,Senanga,ZM,-16.1167,23.2667,61.11,66,13,8.14,few clouds
294,Krasnoselkup,RU,65.7,82.4667,59.29,63,98,8.79,light rain
295,Soyo,AO,-6.1349,12.3689,69.39,93,23,7.09,few clouds
296,Hargeysa,SO,9.56,44.065,71.31,54,79,32.46,broken clouds
297,Saldanha,ZA,-33.0117,17.9442,37.45,76,3,6.38,clear sky
298,Ballinrobe,IE,53.6333,-9.2333,56.21,82,98,2.06,overcast clouds
299,Patan,NP,27.6667,85.3333,79.18,78,75,2.3,moderate rain
300,Laredo,US,27.5064,-99.5075,83.3,71,0,21.74,clear sky
301,Sawakin,SD,19.1059,37.3321,95.47,43,72,18.3,broken clouds
302,Akyab,MM,20.15,92.9,85.71,72,90,7.27,overcast clouds
303,Ferrol,ES,43.4832,-8.2369,66.72,90,62,9.1,broken clouds
304,Mustasaari,FI,63.1142,21.6822,68.23,77,0,5.75,clear sky
305,Usogorsk,RU,63.4106,48.6872,75.99,43,46,6.49,scattered clouds
306,Venado Tuerto,AR,-33.7456,-61.9688,47.77,84,0,5.59,clear sky
307,Emiliano Zapata,MX,18.8333,-99.1833,66.16,90,65,3.89,broken clouds
308,Koygorodok,RU,60.445,50.9968,60.91,81,78,3.87,broken clouds
309,Tagab,AF,34.855,69.6492,90.05,41,1,7.49,clear sky
310,Bontang,ID,0.1333,117.5,84.51,70,35,8.16,scattered clouds
311,Alice Springs,AU,-23.7,133.8833,65.75,24,10,9.22,clear sky
312,Port Macquarie,AU,-31.4333,152.9167,60.89,88,75,4.61,broken clouds
313,Arlit,NE,18.7369,7.3853,88.65,21,75,6.64,broken clouds
314,Yumen,CN,40.2833,97.2,76.17,20,8,21.43,clear sky
315,Qaqortoq,GL,60.7167,-46.0333,45.54,97,58,0.22,broken clouds
316,Saint-Augustin,CA,51.226,-58.6502,59.65,87,100,9.06,overcast clouds
317,Barabai,ID,-2.5833,115.3833,90.0,59,25,2.44,scattered clouds
318,Marsh Harbour,BS,26.5412,-77.0636,82.29,74,7,14.03,clear sky
319,Flin Flon,CA,54.7682,-101.865,57.67,74,72,7.4,broken clouds
320,Moron,AR,-34.6534,-58.6198,57.9,96,1,4.9,clear sky
321,Marienburg,PL,54.0359,19.0266,75.87,57,0,9.22,clear sky
322,Waingapu,ID,-9.6567,120.2641,83.61,58,49,12.73,scattered clouds
323,Nome,US,64.5011,-165.4064,47.16,90,100,9.48,light rain
324,Sedalia,US,38.7045,-93.2283,74.43,75,0,7.0,clear sky
325,Hofn,IS,64.2539,-15.2082,52.05,81,66,0.74,broken clouds
326,Alghero,IT,40.5589,8.3181,81.99,83,0,1.14,clear sky
327,Challapata,BO,-18.9,-66.7667,42.04,30,31,3.06,scattered clouds
328,Gunjur,GM,13.2019,-16.7339,75.27,100,75,1.14,light rain
329,Avera,US,33.194,-82.5271,75.25,79,99,10.36,overcast clouds
330,Aktash,RU,50.3,87.7333,46.18,76,99,4.23,overcast clouds
331,Northam,GB,51.0333,-4.2167,59.61,81,6,12.82,clear sky
332,Abu Dhabi,AE,24.4667,54.3667,100.42,50,0,5.75,clear sky
333,Turukhansk,RU,65.8167,87.9833,60.71,70,93,9.48,light rain
334,Pisco,PE,-13.7,-76.2167,60.03,82,100,2.3,overcast clouds
335,Armizonskoye,RU,55.9461,67.6736,67.66,66,4,17.22,clear sky
336,Port Augusta,AU,-32.5,137.7667,63.63,47,45,11.74,scattered clouds
337,Bagdarin,RU,54.4333,113.6,71.01,66,66,1.54,broken clouds
338,Rio Negrinho,BR,-26.2544,-49.5183,53.98,98,81,0.98,broken clouds
339,Sheridan,US,44.8333,-106.9173,73.31,36,0,2.89,clear sky
340,Cabo San Lucas,MX,22.8909,-109.9124,86.61,61,8,8.99,clear sky
341,Korla,CN,41.7597,86.1469,81.14,26,0,7.07,clear sky
342,Adrar,MR,20.5022,-10.0711,82.87,43,66,9.57,broken clouds
343,Boma,GH,7.0805,-2.1697,63.72,97,92,2.24,overcast clouds
344,Pecos,US,31.4229,-103.4932,92.3,25,0,9.22,clear sky
345,Leh,IN,34.1667,77.5833,68.97,8,93,4.85,overcast clouds
346,Rio Grande,BR,-32.035,-52.0986,57.94,94,36,11.1,scattered clouds
347,Altamont,US,42.2068,-121.7372,63.77,41,0,4.7,clear sky
348,Kyshtovka,RU,56.555,76.6271,63.88,92,100,3.36,overcast clouds
349,Nouadhibou,MR,20.931,-17.0347,67.98,94,20,8.05,few clouds
350,Carutapera,BR,-1.195,-46.02,74.37,92,44,2.84,scattered clouds
351,Burnie,AU,-41.0667,145.9167,54.91,66,91,12.21,overcast clouds
352,Bhuj,IN,23.2667,69.6667,87.15,66,97,22.32,overcast clouds
353,Suwalki,PL,54.1118,22.9309,68.11,70,5,4.25,clear sky
354,Khilok,RU,51.3674,110.4676,79.54,30,55,0.92,broken clouds
355,Itarema,BR,-2.9248,-39.9167,71.62,88,48,8.14,scattered clouds
356,Ewa Beach,US,21.3156,-158.0072,79.99,66,47,15.01,scattered clouds
357,Camacha,PT,33.0833,-16.3333,67.42,73,75,16.11,broken clouds
358,Ponta Delgada,PT,37.7333,-25.6667,74.5,94,40,1.14,scattered clouds
359,Neepawa,CA,50.2289,-99.4664,61.2,84,0,9.48,clear sky
360,Namatanai,PG,-3.6667,152.4333,82.98,73,63,6.93,light rain
361,Ebolowa,CM,2.9,11.15,67.14,97,100,1.16,overcast clouds
362,Tarabuco,BO,-19.1667,-64.9167,45.07,56,32,3.31,scattered clouds
363,Kiruna,SE,67.8557,20.2251,58.12,77,100,3.44,light rain
364,Nuuk,GL,64.1835,-51.7216,48.4,83,100,9.19,overcast clouds
365,College,US,64.8569,-147.8028,62.58,65,92,7.63,overcast clouds
366,Luganville,VU,-15.5333,167.1667,80.46,82,12,10.98,few clouds
367,Tocopilla,CL,-22.092,-70.1979,59.58,75,74,2.21,broken clouds
368,Dakar,SN,14.6937,-17.4441,79.68,78,100,8.77,overcast clouds
369,Ambanja,MG,-13.6833,48.45,75.13,46,6,1.59,clear sky
370,Brae,GB,60.3964,-1.353,53.02,78,100,15.5,overcast clouds
371,Bairiki,KI,1.3292,172.9752,82.4,83,75,5.75,broken clouds
372,Cherskiy,RU,68.75,161.3,45.01,47,16,19.24,few clouds
373,Menongue,AO,-14.6585,17.691,50.68,49,26,3.69,scattered clouds
374,Galbenu,RO,45.2167,27.1667,77.72,44,0,20.36,clear sky
375,Hobyo,SO,5.3505,48.5268,80.31,65,40,25.3,scattered clouds
376,Mahebourg,MU,-20.4081,57.7,74.25,94,75,14.97,light intensity shower rain
377,Hailar,CN,49.2,119.7,87.49,33,19,5.48,few clouds
378,Ambon,ID,-3.6954,128.1814,84.34,65,40,2.3,scattered clouds
379,Yumaguzino,RU,52.9041,56.3933,69.42,59,64,7.14,broken clouds
380,Kaoma,ZM,-14.7833,24.8,58.75,72,91,6.87,overcast clouds
381,Vrangel,RU,42.7297,133.0839,68.38,86,95,6.96,overcast clouds
382,Coquimbo,CL,-29.9533,-71.3436,53.33,87,100,1.14,overcast clouds
383,Moroni,KM,-11.7022,43.2551,77.0,57,20,5.75,few clouds
384,Kudahuvadhoo,MV,2.6708,72.8944,81.34,72,100,10.69,moderate rain
385,Yarada,IN,17.65,83.2667,91.72,62,40,14.97,scattered clouds
386,Male,MV,4.1748,73.5089,76.95,88,75,17.27,broken clouds
387,Kontagora,NG,10.3999,5.4695,71.42,94,100,2.53,light rain
388,Pelotas,BR,-31.7719,-52.3425,57.85,97,31,6.71,scattered clouds
389,Baruun-Urt,MN,46.6806,113.2792,87.31,28,2,7.02,clear sky
390,Kichera,RU,55.9375,110.0997,71.89,50,69,4.09,broken clouds
391,Chimbote,PE,-9.0853,-78.5783,61.29,85,50,8.05,scattered clouds
392,Pirmasens,DE,49.2015,7.6053,66.27,93,13,7.09,few clouds
393,Samana,DO,19.2056,-69.3369,78.84,88,19,10.07,few clouds
394,Labuhan,ID,-6.8844,112.2051,87.46,56,18,6.33,few clouds
395,Verkhoyansk,RU,67.5447,133.385,61.97,50,100,4.56,overcast clouds
396,Asfi,MA,32.2994,-9.2372,72.18,78,65,15.9,broken clouds
397,Ketchikan,US,55.3422,-131.6461,55.87,82,100,6.91,overcast clouds
398,Hollister,US,36.8525,-121.4016,65.73,78,0,4.61,clear sky
399,Guerrero Negro,MX,27.9769,-114.0611,68.86,80,23,14.7,few clouds
400,Amahai,ID,-3.3333,128.9167,79.61,82,93,11.97,overcast clouds
401,Sungaipenuh,ID,-2.0833,101.3833,76.24,72,78,2.53,broken clouds
402,Chubbuck,US,42.9208,-112.4661,75.63,49,16,7.0,few clouds
403,San Luis,AR,-33.295,-66.3356,48.29,57,0,1.97,clear sky
404,Lahij,YE,13.1667,44.5833,84.34,49,92,2.35,overcast clouds
405,Padang,ID,-0.9492,100.3543,86.05,74,31,5.75,light rain
406,Kjollefjord,NO,70.9457,27.3465,60.85,77,0,8.05,clear sky
407,Talara,PE,-4.5772,-81.2719,62.71,84,32,14.45,scattered clouds
408,Mecca,SA,21.4267,39.8261,89.17,47,42,8.61,scattered clouds
409,Sri Aman,MY,1.2376,111.4621,97.05,40,47,1.83,scattered clouds
410,Hambantota,LK,6.1241,81.1185,89.94,66,40,4.61,scattered clouds
411,Atbasar,KZ,51.8,68.3333,75.34,42,68,12.17,broken clouds
412,Sao Joao Da Barra,BR,-21.6403,-41.0511,66.92,92,2,6.58,clear sky
413,Floro,NO,61.5996,5.0328,58.23,94,75,9.22,broken clouds
414,Beloha,MG,-25.1667,45.05,71.35,41,0,4.07,clear sky
415,Serrana,BR,-21.2114,-47.5956,62.1,71,0,3.6,clear sky
416,Kasongo,CD,-4.45,26.6667,75.15,42,88,0.76,overcast clouds
417,Paracuru,BR,-3.41,-39.0306,74.1,85,85,11.1,overcast clouds
418,Bima,ID,-8.4667,118.7167,89.64,46,27,5.48,scattered clouds
419,Washington,US,47.5001,-120.5015,65.64,53,0,6.31,clear sky
420,Ouallam,NE,14.3188,2.0866,81.19,65,90,8.86,overcast clouds
421,Kalaleh,IR,37.3807,55.4916,86.09,62,65,6.64,broken clouds
422,Chiredzi,ZW,-21.05,31.6667,65.05,78,49,5.66,scattered clouds
423,Contamana,PE,-7.3333,-75.0167,74.32,77,83,1.25,broken clouds
424,West Bay,KY,19.3667,-81.4167,82.0,87,5,1.01,clear sky
425,Broken Hill,AU,-31.95,141.4333,49.95,85,100,19.53,overcast clouds
426,Zhezkazgan,KZ,47.8043,67.7144,91.38,24,40,8.95,scattered clouds
427,Zhigalovo,RU,54.8097,105.1578,77.9,36,93,1.81,overcast clouds
428,Galeana,MX,24.8333,-100.0667,67.42,62,100,3.94,overcast clouds
429,Calamar,CO,10.2511,-74.9146,76.68,91,52,4.85,broken clouds
430,Roma,US,43.2128,-75.4557,79.52,75,63,1.01,broken clouds
431,Dabat,ET,12.9842,37.765,55.87,75,100,1.77,overcast clouds
432,Eureka,US,40.8021,-124.1637,56.19,90,32,4.85,scattered clouds
433,Oriximina,BR,-1.7656,-55.8661,72.16,97,54,2.68,broken clouds
434,San Vicente,AR,-26.6167,-54.1333,61.48,90,90,3.91,overcast clouds
435,Nelson Bay,AU,-32.7167,152.15,62.01,79,100,14.0,moderate rain
436,Karakol,KG,42.4907,78.3936,79.48,17,0,7.87,clear sky
437,Taoudenni,ML,22.6783,-3.9836,89.1,41,47,8.25,scattered clouds
438,Chinsali,ZM,-10.5414,32.0816,62.76,65,10,7.74,clear sky
439,Goderich,CA,43.7501,-81.7165,72.91,83,4,15.95,clear sky
440,Chengde,CN,40.9725,117.9361,91.38,36,64,2.51,broken clouds
441,San Policarpo,PH,12.1791,125.5072,85.71,70,69,7.58,broken clouds
442,Tulsipur,NP,28.131,82.2973,80.98,78,100,3.89,overcast clouds
443,La Tuque,CA,47.4334,-72.7824,66.99,99,83,5.17,broken clouds
444,Champagnole,FR,46.7445,5.9135,68.56,82,10,0.87,clear sky
445,Flinders,AU,-34.5833,150.8552,60.39,78,89,5.99,light rain
446,Tabas,IR,33.5959,56.9244,97.2,11,0,2.35,clear sky
447,Hualmay,PE,-11.0964,-77.6139,60.78,87,41,8.25,scattered clouds
448,Bilibino,RU,68.0546,166.4372,55.04,38,30,10.98,scattered clouds
449,Ponta Pora,BR,-22.5361,-55.7256,63.93,43,69,8.5,broken clouds
450,Grand-Santi,GF,4.25,-54.3833,70.79,99,49,2.08,scattered clouds
451,Port-Gentil,GA,-0.7193,8.7815,73.36,94,100,4.61,overcast clouds
452,Corsicana,US,32.0954,-96.4689,90.45,57,76,8.01,broken clouds
453,Pochutla,MX,15.7432,-96.4661,77.83,90,59,3.76,broken clouds
454,Salalah,OM,17.0151,54.0924,76.93,95,100,11.21,overcast clouds
455,Meulaboh,ID,4.1363,96.1285,84.34,62,100,3.76,light rain
456,Jibuti,DJ,11.5,42.5,84.09,43,88,17.58,overcast clouds
457,Auki,SB,-8.7676,160.7034,83.98,67,96,1.95,overcast clouds
458,Ongandjera,NA,-17.8833,15.0667,51.8,37,0,4.34,clear sky
459,Nyrob,RU,60.733,56.7202,59.65,94,100,3.0,overcast clouds
460,Deception Bay,AU,-27.2,153.0333,64.35,86,100,17.07,light rain
461,Harper,LR,4.375,-7.7169,73.6,75,87,7.85,overcast clouds
462,Rundu,NA,-17.9333,19.7667,51.58,44,1,5.97,clear sky
463,Beyneu,KZ,45.3167,55.2,89.87,21,65,17.18,broken clouds
464,Voznesenye,RU,61.0106,35.4781,65.35,82,30,8.77,scattered clouds
465,Jiayuguan,CN,39.8167,98.3,71.89,27,44,9.71,scattered clouds
466,Kuvandyk,RU,51.4781,57.3552,74.28,38,22,5.39,few clouds
467,Yulara,AU,-25.2406,130.9889,69.28,22,5,7.85,clear sky
468,Colac,AU,-38.3333,143.5833,58.17,54,19,7.34,few clouds
469,Grand Gaube,MU,-20.0064,57.6608,74.37,61,89,15.01,overcast clouds
470,Matay,EG,28.419,30.7792,81.86,44,1,15.86,clear sky
471,Klaksvik,FO,62.2266,-6.589,49.12,90,70,15.5,broken clouds
472,North Battleford,CA,52.7834,-108.2847,56.41,78,7,8.99,clear sky
473,Tual,ID,-5.6667,132.75,78.57,76,86,18.95,overcast clouds
474,Tracy,US,37.7397,-121.4252,77.04,33,0,4.0,clear sky
475,Tigil,RU,57.8,158.6667,73.36,46,53,16.46,broken clouds
476,Mathbaria,BD,22.2876,89.9593,89.83,65,99,10.07,overcast clouds
477,Tiznit,MA,29.5833,-9.5,86.81,16,41,9.62,scattered clouds
478,Keetmanshoop,NA,-26.5833,18.1333,50.05,52,4,6.17,clear sky
479,Myanaung,MM,18.2833,95.3167,93.54,52,100,2.28,overcast clouds
480,Kavieng,PG,-2.5744,150.7967,83.03,75,99,10.04,light rain
481,Varkkallai,IN,8.7341,76.7067,83.98,73,51,13.15,broken clouds
482,Peniche,PT,39.3558,-9.3811,67.28,94,37,13.78,scattered clouds
483,Klichka,RU,50.4457,117.996,82.15,47,13,8.61,few clouds
484,Paamiut,GL,61.994,-49.6678,45.72,90,99,12.1,overcast clouds
485,Tekeli,KZ,44.83,78.8239,88.48,10,0,3.44,clear sky
486,Slave Lake,CA,55.2834,-114.769,64.38,55,0,6.91,clear sky
487,Ayagoz,KZ,47.9714,80.4392,90.09,15,49,19.44,scattered clouds
488,Yeppoon,AU,-23.1333,150.7333,60.58,95,100,17.07,overcast clouds
489,Haradok,BY,55.4624,29.9816,64.99,66,18,13.69,few clouds
490,Constantine,DZ,36.365,6.6147,67.41,72,0,2.3,clear sky
491,Rach Gia,VN,10.0167,105.0833,79.07,84,100,11.92,moderate rain
492,Krasnaya Gora,RU,52.9995,31.6023,60.6,70,81,15.99,broken clouds
493,Te Anau,NZ,-45.4167,167.7167,40.44,91,79,2.62,broken clouds
494,Pointe Michel,DM,15.25,-61.3833,80.22,84,38,14.85,scattered clouds
495,Westport,US,41.1415,-73.3579,79.86,85,4,5.01,clear sky
496,Bloomingdale,US,27.8936,-82.2404,82.31,91,0,1.01,clear sky
497,Japura,ID,-0.3167,102.35,89.06,58,60,5.03,broken clouds
498,George Town,MY,5.4112,100.3354,91.33,66,20,4.61,few clouds
499,Shelburne,CA,44.0787,-80.2041,66.31,85,6,9.26,clear sky
500,Raudeberg,NO,61.9875,5.1352,54.95,85,34,12.66,scattered clouds
501,Caceres,ES,39.522,-6.3748,73.65,24,0,2.37,clear sky
502,Margate,GB,51.3813,1.3862,65.7,81,90,5.01,overcast clouds
503,Dalvik,IS,65.9702,-18.5286,48.81,86,79,0.45,broken clouds
504,Lompoc,US,34.6391,-120.4579,62.74,90,26,1.01,scattered clouds
505,Tosya,TR,41.0155,34.0401,63.41,43,0,1.95,clear sky
506,Gold Coast,AU,-28.0,153.4333,64.0,89,75,21.85,light rain
507,Hongjiang,CN,27.11,109.9956,95.7,47,97,9.55,overcast clouds
508,Havelock,US,34.8791,-76.9013,82.38,83,0,13.8,clear sky
509,Mayumba,GA,-3.432,10.6554,69.46,94,40,5.41,scattered clouds
510,Guisa,CU,20.255,-76.5386,71.62,93,78,3.69,broken clouds
511,Susanville,US,40.4163,-120.653,75.04,23,0,10.36,clear sky
512,Kashan,IR,33.9831,51.4364,97.0,12,0,4.7,clear sky
513,Anadyr,RU,64.75,177.4833,52.3,57,75,13.42,broken clouds
514,Bunia,CD,1.5667,30.25,70.86,63,50,6.02,scattered clouds
515,Tevaitoa,PF,-16.7833,-151.5,76.78,74,21,12.68,light rain
516,Karratha,AU,-20.7377,116.8463,80.51,31,6,7.23,clear sky
517,Nancha,CN,47.1333,129.2667,88.23,33,8,6.46,clear sky
518,Neryungri,RU,56.6709,124.6491,72.52,71,74,5.23,light rain
519,Bama,NG,11.5221,13.6856,72.81,83,100,3.67,light rain
520,Pangai,TO,-19.8,-174.35,77.05,71,8,17.05,clear sky
521,Cap Malheureux,MU,-19.9842,57.6142,74.46,61,88,15.01,overcast clouds
522,Nhamunda,BR,-2.1861,-56.7131,72.16,98,46,2.71,scattered clouds
523,Faanui,PF,-16.4833,-151.75,77.67,72,7,13.71,clear sky
524,Lima,PE,-12.0432,-77.0282,59.54,86,62,7.87,broken clouds
525,Jumla,NP,29.2747,82.1838,69.96,78,100,2.8,overcast clouds
526,Bolkhov,RU,53.4433,36.0044,57.49,94,100,13.49,overcast clouds
527,Usinsk,RU,65.9939,57.5281,70.66,50,85,7.63,overcast clouds
528,Petropavlovsk-Kamchatskiy,RU,53.0452,158.6483,63.19,77,75,11.18,broken clouds
529,Vorontsovka,RU,50.6132,40.3549,57.79,89,72,13.11,broken clouds
530,Katangli,RU,51.7102,143.2326,53.92,97,100,10.87,overcast clouds
531,Manaia,NZ,-39.55,174.1333,51.57,77,99,4.0,light rain
532,Comonfort,MX,20.7167,-100.7667,63.0,60,22,2.66,few clouds
533,Rocha,UY,-34.4833,-54.3333,60.22,97,68,7.4,broken clouds
534,Aleksandro-Nevskiy,RU,53.4751,40.2095,56.88,92,98,10.2,light rain
535,Nizhnyaya Poyma,RU,56.1622,97.1933,71.4,50,71,3.74,broken clouds
536,Manado,ID,1.487,124.8455,81.37,78,40,13.8,scattered clouds
537,Bad Sackingen,DE,47.5537,7.9461,71.1,89,43,0.6,scattered clouds
538,Ushtobe,KZ,45.2514,77.9838,98.98,8,0,3.87,clear sky
539,Plettenberg Bay,ZA,-34.0527,23.3716,51.89,81,1,5.41,clear sky
540,Khunzakh,RU,42.5394,46.705,62.13,77,67,4.7,broken clouds
541,Brezoi,RO,45.338,24.2486,80.04,41,0,4.14,clear sky
542,Middelburg,ZA,-25.7751,29.4648,54.5,63,84,3.87,broken clouds
543,Kingaroy,AU,-26.5333,151.8333,55.44,100,100,10.36,drizzle
544,Gornopravdinsk,RU,60.05,69.9,74.44,35,84,9.13,broken clouds
545,Puerto Madryn,AR,-42.7692,-65.0385,42.01,46,0,24.0,clear sky
546,Awjilah,LY,29.1081,21.2869,75.22,50,0,13.47,clear sky
547,Scarborough,GB,54.2797,-0.4044,62.17,83,97,4.0,overcast clouds
548,Dibulla,CO,11.2725,-73.3091,76.59,91,42,6.6,scattered clouds
549,Qiqihar,CN,47.3408,123.9672,90.88,35,22,6.8,few clouds
550,Pahrump,US,36.2083,-115.9839,95.05,19,85,4.0,overcast clouds
551,Shenjiamen,CN,29.9576,122.298,85.06,81,60,5.37,light rain
552,Richards Bay,ZA,-28.783,32.0377,63.99,78,13,3.44,few clouds
553,Rochegda,RU,62.8,43.25,71.42,60,4,3.18,clear sky
554,Dawei,MM,14.0833,98.2,76.1,95,100,9.55,heavy intensity rain
555,Novyy Urengoy,RU,66.0833,76.6333,50.25,77,100,9.46,overcast clouds
556,Walvis Bay,NA,-22.9575,14.5053,51.1,78,0,6.15,clear sky
557,Pashiya,RU,58.4324,58.2562,65.64,59,86,10.0,overcast clouds
558,Pemba,MZ,-12.974,40.5178,74.71,68,35,9.62,scattered clouds
559,Krasnyy Kut,RU,50.95,46.9667,77.92,36,89,17.49,overcast clouds
560,Bangui,CF,4.3612,18.555,70.61,99,100,0.98,moderate rain
561,Tucuman,AR,-26.8241,-65.2226,50.0,81,100,6.91,smoke
562,Korgen,NO,66.0771,13.8153,55.72,99,100,3.33,light rain
563,Pevek,RU,69.7008,170.3133,32.02,96,100,14.05,overcast clouds
564,Portland,US,45.5234,-122.6762,76.66,66,0,1.99,clear sky
565,Yagodnoye,RU,62.55,149.6667,50.81,69,100,4.63,overcast clouds
566,Bajil,YE,15.0584,43.2851,92.14,41,90,6.29,overcast clouds
567,Sao Desiderio,BR,-12.3633,-44.9733,66.99,71,38,3.33,scattered clouds
568,Hamilton,US,39.1834,-84.5333,76.23,91,0,1.99,clear sky
569,Touros,BR,-5.1989,-35.4608,72.19,93,99,7.25,overcast clouds
570,Dicabisagan,PH,17.0818,122.4157,89.17,63,99,6.24,overcast clouds
571,Berlevag,NO,70.8578,29.0864,64.4,77,0,3.44,clear sky
572,Canakkale,TR,40.0833,26.8333,68.58,56,0,7.92,clear sky
573,Ginda,IN,30.6945,78.4932,71.58,86,99,3.22,overcast clouds
574,Bara,NG,10.3744,10.7288,72.01,91,100,4.12,overcast clouds
575,Chaumont,FR,48.1167,5.1333,68.85,74,1,6.15,clear sky
576,Fergus Falls,US,46.283,-96.0776,71.58,78,40,6.91,scattered clouds
577,Coari,BR,-4.085,-63.1414,74.01,90,87,2.86,overcast clouds
578,Yakeshi,CN,49.2833,120.7333,84.6,37,1,4.56,clear sky
579,Muravlenko,RU,63.7898,74.523,59.32,50,79,8.5,broken clouds
580,Florianopolis,BR,-27.6146,-48.5012,63.63,80,75,14.97,broken clouds
581,Inhambane,MZ,-23.865,35.3833,70.7,77,0,1.57,clear sky
582,Kushima,JP,31.4583,131.2333,90.41,65,94,11.54,overcast clouds
583,Vila Velha,BR,-20.3297,-40.2925,66.94,92,6,8.1,clear sky
584,Yar-Sale,RU,66.8333,70.8333,56.68,49,96,16.04,overcast clouds
585,Kaeo,NZ,-35.1,173.7833,53.33,82,4,11.03,clear sky
586,Manggar,ID,-2.8833,108.2667,83.07,74,71,12.5,light rain
587,Pafos,CY,34.7667,32.4167,88.23,69,20,6.91,few clouds
588,Pavlohrad,UA,48.5167,35.8667,63.59,68,2,11.48,clear sky
589,Ucluelet,CA,48.9329,-125.5528,57.09,92,6,2.59,clear sky
590,Dagana,MR,16.5165,-15.5068,77.02,75,67,13.22,broken clouds
591,Cairns,AU,-16.9167,145.7667,86.07,69,63,13.8,broken clouds
592,Yantal,RU,56.8471,105.2542,76.12,38,70,4.41,broken clouds
593,Pochinki,RU,54.6988,44.8668,57.07,97,100,9.98,moderate rain
594,Cabo Rojo,PR,18.0866,-67.1457,80.98,86,5,4.52,clear sky
595,Voyvozh,RU,62.892,54.9635,69.98,53,44,3.53,scattered clouds
596,Phuket,TH,8.0,98.25,87.1,84,75,10.36,light rain
597,Henties Bay,NA,-22.116,14.2845,56.88,75,0,9.33,clear sky
598,Bodrum,TR,37.0383,27.4292,85.93,51,0,7.96,clear sky
599,Homer,US,59.6425,-151.5483,55.8,68,40,13.0,scattered clouds
600,Liberal,US,37.0431,-100.921,74.44,64,0,0.0,clear sky
601,Mountain Home,US,43.133,-115.6912,75.69,19,0,4.72,clear sky
602,Shuangcheng,CN,45.35,126.2833,85.26,54,64,6.46,broken clouds
603,Balikpapan,ID,-1.2675,116.8289,86.99,74,40,6.29,scattered clouds
604,Villa Maria,AR,-32.4075,-63.2402,52.23,80,43,1.1,scattered clouds
605,Praia Da Vitoria,PT,38.7333,-27.0667,66.76,93,7,1.86,clear sky
606,Bulgan,MN,48.8125,103.5347,51.04,91,100,6.82,overcast clouds
607,Mizdah,LY,31.4451,12.9801,73.22,59,0,3.53,clear sky
608,Bhatapara,IN,21.7333,81.9333,88.52,59,100,5.75,overcast clouds
609,Iskateley,RU,67.6803,53.1512,66.02,58,85,14.43,overcast clouds
610,Jalu,LY,29.0331,21.5482,75.15,50,0,13.73,clear sky
611,Taltal,CL,-25.4,-70.4833,56.46,88,100,0.98,overcast clouds
612,Srandakan,ID,-7.9386,110.2506,81.46,69,69,12.84,broken clouds
613,Nata,PA,8.3333,-80.5167,75.56,94,100,3.74,overcast clouds
614,Kutum,SD,14.2,24.6667,76.71,55,47,1.81,scattered clouds
615,Kuytun,RU,54.3419,101.5036,74.66,43,28,10.89,scattered clouds
616,Pangody,RU,65.85,74.4859,47.95,87,100,12.12,light rain
617,Saint-Pierre,RE,-21.3393,55.4781,72.28,73,0,27.63,clear sky
618,Vanderhoof,CA,54.0166,-124.0198,57.7,62,17,3.29,few clouds
619,Tignere,CM,7.3667,12.65,63.99,96,98,0.74,overcast clouds
620,General Pico,AR,-35.6566,-63.7568,46.2,58,1,7.34,clear sky
621,Neuquen,AR,-38.9516,-68.0591,46.69,55,20,14.92,few clouds
622,Saint-Leu,RE,-21.15,55.2833,71.67,60,9,1.81,clear sky
623,Tshikapa,CD,-6.4167,20.8,76.69,43,44,0.83,scattered clouds
624,Erenhot,CN,43.6475,111.9767,93.92,15,10,6.33,clear sky
625,Mosta,MT,35.9092,14.4256,80.46,73,0,3.44,clear sky
626,Lewistown,US,40.5992,-77.5714,74.95,100,0,0.0,clear sky
627,Morro Bay,US,35.3658,-120.8499,75.4,49,43,1.99,scattered clouds
628,Whitehorse,CA,60.7161,-135.0538,50.31,71,95,10.0,overcast clouds
629,Galle,LK,6.0367,80.217,81.39,82,72,15.73,broken clouds
630,Port Lavaca,US,28.615,-96.6261,85.98,90,40,4.61,scattered clouds
631,Dafeng,CN,23.4517,108.5881,89.33,66,99,10.49,overcast clouds
632,Kourou,GF,5.1552,-52.6478,78.12,90,20,3.15,few clouds
633,Kaka,TM,37.3482,59.6143,100.56,11,0,13.11,clear sky
634,Rawatbhata,IN,24.9333,75.5833,84.54,71,100,14.67,overcast clouds
635,Rawson,AR,-43.3002,-65.1023,40.51,46,0,23.94,clear sky
636,Bokovskaya,RU,49.229,41.8306,66.56,65,91,12.48,overcast clouds
637,Ikongo,MG,-21.8833,47.4333,64.15,93,76,3.67,light rain
638,Yabrud,SY,33.9674,36.6574,74.5,25,0,1.92,clear sky
639,Porto Da Folha,BR,-9.9172,-37.2783,68.14,92,86,4.85,overcast clouds
640,Omsukchan,RU,62.5333,155.8,57.33,42,92,10.42,overcast clouds
641,Boysun,UZ,38.2061,67.1986,93.33,14,0,7.07,clear sky
642,Ormara,PK,25.2088,64.6357,84.11,80,94,16.8,overcast clouds
643,Mayo,US,38.8876,-76.5119,83.17,84,0,4.61,clear sky
644,Sandwick,GB,60.0,-1.25,53.42,82,75,17.27,broken clouds
645,Nemuro,JP,43.3236,145.575,60.82,84,56,12.19,broken clouds
646,Chapleau,CA,47.8405,-83.4034,57.07,99,87,8.34,overcast clouds
647,Cockburn Town,TC,21.4612,-71.1419,81.95,79,4,21.92,clear sky
648,Maskinonge,CA,46.2286,-73.0192,72.52,96,99,5.95,overcast clouds
649,Ligayan,PH,4.6533,119.4706,83.62,70,54,3.29,broken clouds
650,Santa Elena,EC,-2.2333,-80.85,66.79,84,68,9.64,broken clouds
651,Yangambi,CD,0.8102,24.4336,73.89,85,11,2.35,few clouds
652,Yantzaza,EC,-3.8278,-78.7594,62.89,97,79,1.03,broken clouds
653,Prince Rupert,CA,54.3161,-130.3201,53.22,85,88,4.07,overcast clouds
654,Tongliao,CN,43.6125,122.2653,80.55,63,100,3.58,moderate rain
655,Kandrian,PG,-6.2167,149.55,81.95,80,90,5.19,light rain
656,Jiangkou,CN,25.4872,119.1986,91.49,61,6,13.67,clear sky
657,Matamoros,MX,25.5333,-103.25,85.42,31,0,10.8,clear sky
658,Ardakan,IR,32.31,54.0175,94.35,14,0,7.27,clear sky
659,Namtsy,RU,62.7161,129.6658,87.37,36,52,12.17,broken clouds
660,Valdivia,CL,-39.8142,-73.2459,37.49,96,57,0.94,broken clouds
661,Dawlatabad,AF,36.4141,64.9053,102.31,8,0,8.14,clear sky
662,Eyl,SO,7.9803,49.8164,83.39,42,58,25.68,broken clouds
663,Seoul,KR,37.5683,126.9778,78.19,80,100,2.35,overcast clouds
664,Mana,GF,5.6592,-53.7767,76.23,89,20,4.34,few clouds
665,Karpogory,RU,64.0019,44.4451,74.34,52,13,4.99,few clouds
666,Qasigiannguit,GL,68.8193,-51.1922,52.05,93,100,6.06,overcast clouds
667,Santa Rosa,PH,14.3122,121.1114,86.11,77,100,5.73,moderate rain
668,Lokosovo,RU,61.1333,74.8167,69.89,44,82,7.92,broken clouds
669,La Rioja,ES,42.25,-2.5,53.38,69,0,2.68,clear sky
670,Assomada,CV,15.1,-23.6833,71.24,90,66,3.15,broken clouds
671,Sao Jose Da Coroa Grande,BR,-8.8978,-35.1478,73.94,87,100,12.03,overcast clouds
672,Graham,US,47.0529,-122.2943,68.72,80,0,0.0,clear sky
673,Durban,ZA,-29.8579,31.0292,63.01,81,2,3.0,clear sky
674,Edgecumbe,NZ,-37.9833,176.8333,52.52,88,65,7.38,broken clouds
675,Umm Lajj,SA,25.0213,37.2685,87.8,67,34,12.46,scattered clouds
676,Vestmanna,FO,62.1564,-7.1664,47.32,87,100,13.8,overcast clouds
677,Sechura,PE,-5.5569,-80.8222,61.97,85,78,11.34,broken clouds
678,Comodoro Rivadavia,AR,-45.8667,-67.5,39.06,48,0,27.63,clear sky
679,Kanker,IN,20.2719,81.4931,81.75,77,100,11.59,overcast clouds
680,Besikduzu,TR,41.052,39.2284,69.69,89,100,9.57,light rain
681,Auly,UA,48.5271,34.4949,65.61,57,0,14.76,clear sky
682,Ixtapa,MX,20.7,-105.2,83.43,84,40,4.61,scattered clouds
683,Iquitos,PE,-3.7481,-73.2472,77.04,94,75,2.3,broken clouds
684,Nabire,ID,-3.3667,135.4833,86.09,65,93,6.06,overcast clouds
685,Progreso,MX,21.2833,-89.6667,81.1,83,21,9.13,few clouds
686,Ichinohe,JP,40.2069,141.3017,78.42,78,91,4.9,overcast clouds
687,Suntar,RU,62.1444,117.6319,61.84,80,100,5.48,overcast clouds
688,Elektrenai,LT,54.7667,24.6333,68.52,76,36,8.05,scattered clouds
689,Moranbah,AU,-22.0016,148.0466,65.86,72,94,8.52,overcast clouds
690,Mikkeli,FI,61.6886,27.2723,70.14,68,0,3.44,clear sky
691,Tirumullaivasal,IN,11.2333,79.8333,92.57,54,24,4.9,few clouds
692,Belogorsk,RU,50.9158,128.4611,82.56,46,48,7.09,scattered clouds
693,Helong,CN,42.5397,128.9972,73.51,90,95,2.75,overcast clouds
694,Salisbury,GB,51.0693,-1.7957,61.52,81,40,8.05,scattered clouds
695,Beian,NO,63.6559,9.5683,54.01,100,75,8.05,broken clouds
696,Kisangani,CD,0.5167,25.2,71.87,92,40,2.17,scattered clouds
697,Muniz Freire,BR,-20.4642,-41.4131,61.11,97,74,1.36,broken clouds
698,Hearst,CA,49.6835,-83.6665,62.47,99,100,8.34,overcast clouds
699,Caravelas,BR,-17.7125,-39.2481,69.24,82,0,5.46,clear sky
700,Lavrentiya,RU,65.5833,-171.0,38.88,76,100,19.33,overcast clouds
701,Nishihara,JP,26.1842,127.7558,88.88,79,40,9.22,scattered clouds
702,Steinbach,DE,50.1667,8.5667,70.65,80,20,6.91,few clouds
703,Udarnyy,RU,54.3409,42.8611,55.98,98,100,8.32,moderate rain
704,Calbuco,CL,-41.768,-73.1273,34.81,76,54,13.42,broken clouds
705,Cantaura,VE,9.3057,-64.3584,72.79,95,100,4.27,overcast clouds
706,Tolmezzo,IT,46.4075,13.0175,74.43,69,6,4.29,clear sky
707,Urumqi,CN,43.801,87.6005,85.15,19,0,4.47,clear sky
708,Kolosovka,RU,56.4678,73.611,66.07,86,99,6.13,light rain
709,Miles City,US,46.4083,-105.8406,72.57,49,0,6.91,clear sky
710,Bambanglipuro,ID,-7.95,110.2833,81.55,68,69,13.09,broken clouds
711,Siverek,TR,37.755,39.3167,86.23,32,0,5.03,clear sky
712,Broome,US,42.2506,-75.833,78.66,70,0,9.22,clear sky
713,Sabang,ID,5.8933,95.3214,83.01,74,89,21.88,overcast clouds
714,Mocuba,MZ,-16.8392,36.9856,67.82,78,19,3.22,few clouds
715,Linkuva,LT,56.0856,23.9725,70.47,72,28,6.96,scattered clouds
716,Eseka,CM,3.65,10.7667,70.11,99,100,0.92,overcast clouds
717,Buchanan,LR,5.8808,-10.0467,74.01,80,100,7.99,overcast clouds
718,Tomatlan,MX,19.9333,-105.25,78.17,86,47,3.56,scattered clouds
719,Aripuana,BR,-9.1667,-60.6333,69.69,57,0,2.26,clear sky
720,Perth,AU,-31.9333,115.8333,65.03,75,40,16.11,scattered clouds
721,Aligudarz,IR,33.4006,49.6949,86.27,13,0,0.29,clear sky
722,Sola,VU,-13.8833,167.55,81.14,79,23,17.52,few clouds
723,Hit,IQ,33.6416,42.8251,98.35,17,0,18.97,clear sky
724,Saint-Georges,GD,12.0564,-61.7485,79.43,84,21,11.54,few clouds
725,Olafsvik,IS,64.8945,-23.7142,50.76,72,97,3.96,overcast clouds
726,Nyalikungu,TZ,-3.1833,33.7833,64.63,62,2,15.46,clear sky
727,Arawa,PG,-6.2132,155.5367,83.43,74,92,4.9,light rain
728,Kungurtug,RU,50.5994,97.5228,70.5,41,99,3.87,overcast clouds
729,Nioro,GM,13.35,-15.75,76.1,93,100,2.1,overcast clouds
730,New Port Richey,US,28.2442,-82.7193,82.94,88,82,1.01,broken clouds
731,Acapulco,MX,16.8634,-99.8901,84.02,89,40,2.3,scattered clouds
732,Cooma,AU,-36.2333,149.1333,46.17,93,75,10.36,broken clouds
733,Kingman,US,35.1894,-114.053,96.28,20,0,11.5,clear sky
734,Kijang,KR,35.2442,129.2139,82.38,75,83,16.6,broken clouds
735,Benjamin Constant,BR,-4.3831,-70.0311,73.53,96,92,1.19,overcast clouds
736,Maldonado,UY,-34.6667,-54.9167,60.19,97,53,7.16,broken clouds
737,Imeni Poliny Osipenko,RU,52.4201,136.4853,68.65,77,99,12.37,overcast clouds
738,Ampanihy,MG,-24.7,44.75,71.67,41,0,7.9,clear sky
739,Freeport,US,40.6576,-73.5832,82.38,75,0,6.91,clear sky
740,Bremerhaven,DE,53.55,8.5833,66.42,95,88,11.95,light rain
741,Lahad Datu,MY,5.0268,118.327,87.15,61,95,6.55,overcast clouds
742,Santa Catarina De Tepehuanes,MX,25.35,-105.7333,67.5,66,76,4.23,broken clouds
743,Khasan,RU,42.4308,130.6434,68.07,98,100,5.32,overcast clouds
744,Svetlaya,RU,46.5389,138.3297,61.79,91,100,5.53,overcast clouds
745,Tab,HU,46.7314,18.032,81.0,27,16,3.8,few clouds
746,Greenville,US,35.6127,-77.3663,77.16,95,0,6.91,clear sky
747,Tiruchchendur,IN,8.4833,78.1167,95.29,60,37,4.09,scattered clouds
748,Brownsville,US,25.9018,-97.4975,83.08,84,0,12.66,clear sky
749,Cuamba,MZ,-14.8031,36.5372,67.28,66,80,1.14,broken clouds
750,Tabuk,PH,17.4189,121.4443,89.17,62,91,4.12,overcast clouds
751,Changji,CN,44.0167,87.3167,88.59,19,0,4.47,clear sky
752,Kouango,CF,4.9934,19.9619,71.49,97,94,0.51,overcast clouds
753,Wodonga,AU,-36.1167,146.8833,63.27,100,70,4.27,broken clouds
754,Feijo,BR,-8.1642,-70.3536,68.68,69,4,1.12,clear sky
755,Muisne,EC,0.6,-80.0333,73.4,85,100,9.01,overcast clouds
756,Jaciara,BR,-15.9653,-54.9683,67.8,45,22,3.0,few clouds
757,Humaita,BR,-7.5061,-63.0208,70.77,59,3,1.19,clear sky
758,Mount Isa,AU,-20.7333,139.5,71.37,17,1,11.5,clear sky
759,Festus,US,38.2206,-90.396,79.32,87,0,4.94,clear sky
760,Nacala,MZ,-14.5428,40.6728,73.81,70,38,6.98,light rain
761,Muscat,OM,23.6139,58.5922,89.62,65,51,5.91,broken clouds
762,San Lorenzo,PY,-25.3333,-57.5333,63.54,88,0,2.3,clear sky
763,Manicore,BR,-5.8092,-61.3003,72.64,70,12,2.24,few clouds
764,Trairi,BR,-3.2778,-39.2689,74.25,84,68,8.68,broken clouds
765,Pirapora,BR,-17.345,-44.9419,61.66,68,0,1.61,clear sky
766,Kirakira,SB,-10.4544,161.9205,82.85,77,33,8.52,scattered clouds
767,Salinopolis,BR,-0.6136,-47.3561,77.7,82,62,6.15,broken clouds
768,Apatou,GF,5.155,-54.3472,71.94,99,47,2.35,scattered clouds
769,Ateptsevo,RU,55.3236,36.75,61.21,95,99,8.68,light rain
770,Umba,RU,66.6871,34.3429,63.16,66,44,1.72,scattered clouds
771,Pontianak,ID,-0.0333,109.3333,91.38,59,75,3.44,broken clouds
772,Maputo,MZ,-25.9653,32.5892,67.68,83,75,6.91,broken clouds
773,Mandalgovi,MN,45.7625,106.2708,85.82,20,92,16.75,overcast clouds
774,Tucumcari,US,35.1717,-103.725,75.94,73,0,3.44,clear sky
775,Okhotsk,RU,59.3833,143.3,63.81,79,81,8.55,broken clouds
776,Hirara,JP,24.8,125.2833,85.73,78,30,13.33,scattered clouds
777,Misratah,LY,32.3754,15.0925,80.01,59,0,4.5,clear sky
778,Semey,KZ,50.4111,80.2275,84.42,42,0,11.18,clear sky
779,Gorgan,IR,36.8387,54.4348,86.65,60,73,5.44,broken clouds
780,Fandriana,MG,-20.2333,47.3833,52.86,82,91,9.42,overcast clouds
781,Nanticoke,US,41.2054,-76.0049,77.49,90,4,4.18,clear sky
782,Sibolga,ID,1.7427,98.7792,86.81,61,28,6.31,scattered clouds
783,Keti Bandar,PK,24.1447,67.4497,85.59,77,94,22.62,overcast clouds
784,Torbat-E Jam,IR,35.244,60.6225,94.64,9,0,23.2,clear sky
785,Berberati,CF,4.2612,15.7922,68.41,99,99,3.47,light rain
786,Siva,EG,29.2041,25.5195,81.39,40,0,5.77,clear sky
787,Coahuayana,MX,18.7333,-103.6833,79.02,92,15,3.15,few clouds
788,Hokitika,NZ,-42.7167,170.9667,46.42,71,13,8.05,few clouds
789,Lyman,UA,48.9884,37.8023,62.17,70,29,12.12,scattered clouds
790,Ballarat,AU,-37.5662,143.8496,54.66,56,24,6.15,few clouds
791,Melenki,RU,55.3343,41.6295,58.91,87,99,7.72,overcast clouds
792,Dutse,NG,11.7594,9.3392,72.66,82,98,3.96,overcast clouds
793,Socuellamos,ES,39.2858,-2.7921,73.38,60,0,14.41,clear sky
794,Altar,MX,30.7,-111.8167,86.56,51,75,15.08,broken clouds
795,Sangar,RU,63.9242,127.4739,75.54,66,87,8.81,light rain
796,Prado,BR,-17.3411,-39.2208,67.73,88,7,5.19,clear sky
797,Keta,GH,5.9179,0.9879,73.53,81,83,9.04,broken clouds
798,Hasaki,JP,35.7333,140.8333,86.4,76,84,9.95,broken clouds
799,Banda Aceh,ID,5.5577,95.3222,87.31,60,78,14.05,broken clouds
800,Manuk Mangkaw,PH,4.8,119.85,83.77,69,50,2.89,scattered clouds
801,Oktyabrskiy,RU,54.4815,53.471,67.66,64,84,5.14,broken clouds
802,Shubarkuduk,KZ,49.1447,56.4872,77.76,30,100,7.96,overcast clouds
803,San Juan,AR,-31.5375,-68.5364,53.69,27,14,3.33,few clouds
804,Darhan,MN,49.4867,105.9228,70.3,47,100,11.81,moderate rain
805,Charters Towers,AU,-20.1,146.2667,70.56,50,65,10.92,broken clouds
806,Piracuruca,BR,-3.9281,-41.7092,70.2,95,44,2.15,scattered clouds
807,Sambava,MG,-14.2667,50.1667,70.77,82,57,13.82,light rain
808,Roald,NO,62.5833,6.1333,61.16,82,75,5.75,broken clouds
809,Arauca,CO,7.0847,-70.7591,71.17,97,73,3.51,broken clouds
